,loc_id,location_inc,year,per_capita_deaths,bd_best
0,368,Iraq,2009,0.03575723556808117,1036
1,368,Iraq,2014,0.37350398258465395,12853
2,368,Iraq,2015,0.3077397171375264,10947
3,368,Iraq,2016,0.26855586650347907,9832
4,368,Iraq,2017,0.26735697313986456,10040
5,368,Iraq,2018,0.021673741551794103,833
6,4,Afghanistan,2005,0.06345921151383976,1628
7,840,United States of America,2001,0.005562036360524971,1583
8,466,Mali,2013,0.05082111974975584,836
9,466,Mali,2014,0.005609944790466496,95
10,4,Afghanistan,2016,0.060509236236084715,2141
11,4,Afghanistan,2015,0.019585278530701945,674
12,4,Afghanistan,2015,0.48181528682131897,16581
13,4,Afghanistan,2016,0.44583521794686426,15775
14,4,Afghanistan,2017,0.4455849278177488,16173
15,4,Afghanistan,2018,0.6143615603196413,22837
16,840,United States of America,2002,0.003056259059823981,878
17,840,United States of America,2006,0.0008261715649298459,246
18,840,United States of America,2007,0.0005788260924490058,174
19,840,United States of America,2016,0.0003622111687894388,117
20,840,United States of America,2017,0.00034144941363261326,111
21,840,United States of America,2014,0.0004110791517467685,131
22,840,United States of America,2015,0.00020256900379106958,65
23,840,United States of America,2013,0.00012010093320353035,38
24,840,United States of America,2008,0.0009555629550543188,290
25,840,United States of America,2011,0.0006515095986090764,203
26,840,United States of America,2012,0.0007164603762305386,225
27,840,United States of America,2004,0.0012929501316009452,378
28,840,United States of America,2003,0.0002242805680621014,65
29,840,United States of America,2009,0.0014691116100903352,450
30,840,United States of America,2010,0.0010129073882367778,313
31,760,Syria,2016,0.6893563776085827,12040
32,760,Syria,2017,0.6265329540481862,10711
33,760,Syria,2018,0.25441039991473624,4311
34,760,Syria,2019,0.030579728381713748,522
35,760,Syria,2015,0.6281459038747296,11305
36,760,Syria,2016,1.5657665164835475,27347
37,760,Syria,2017,0.5714312788812185,9769
38,760,Syria,2018,0.4416035774905988,7483
39,760,Syria,2019,0.3973021415417292,6782
40,760,Syria,2015,1.9641158386614608,35349
41,426,Lesotho,1998,0.03904834184720685,78
42,178,DR Congo (Zaire),2000,0.413759584577703,1294
43,178,DR Congo (Zaire),2001,0.14108448598944043,454
44,178,DR Congo (Zaire),1998,1.1071769663825433,3268
45,178,DR Congo (Zaire),1999,0.9718828658992532,2953
46,180,Congo,1998,0.07295434413687876,3272
47,180,Congo,1999,0.013632518478214594,626
48,706,Somalia,2011,0.15658954752650325,1938
49,706,Somalia,2018,0.139057083699105,2087
50,706,Somalia,2019,0.12381089414129698,1912
51,706,Somalia,2015,0.08711910036265319,1202
52,706,Somalia,2016,0.13570065774285042,1925
53,706,Somalia,2017,0.13146742805362746,1918
54,706,Somalia,2012,0.20809269829775298,2646
55,706,Somalia,2013,0.07195505166946818,940
56,706,Somalia,2014,0.08589368656075197,1153
57,800,Uganda,2008,0.0017416030253156129,53
58,800,Uganda,2014,0.02340732015172495,864
59,562,Niger,2016,0.013180180913856983,274
60,566,Nigeria,2012,0.004849643036672337,811
61,566,Nigeria,2013,0.009483842649741624,1629
62,566,Nigeria,2015,0.014922369395784927,2703
63,12,Algeria,2004,0.013795359394041746,451
64,562,Niger,2019,0.012783818465659512,298
65,562,Niger,2017,0.01060067988779759,229
66,800,Uganda,2011,0.004062518333607552,136
67,800,Uganda,2013,0.0028015505685900963,100
68,800,Uganda,2010,0.0037004870210968466,120
69,800,Uganda,2009,0.007576940327074229,238
70,566,Nigeria,2014,0.027096748219583498,4780
71,566,Nigeria,2016,0.012292950099592257,2286
72,566,Nigeria,2018,0.004268034942851344,836
73,566,Nigeria,2019,0.005065593892641346,1018
74,566,Nigeria,2015,0.010594164583984933,1919
75,694,Sierra Leone,1999,0.7065745721896014,3153
76,694,Sierra Leone,1991,0.1269355661728674,552
77,694,Sierra Leone,1992,0.050141142716642516,218
78,694,Sierra Leone,1993,0.0958658709414375,415
79,694,Sierra Leone,1994,0.14571509450598408,628
80,694,Sierra Leone,1995,0.34201116973163975,1472
81,694,Sierra Leone,1996,0.1321690093816809,570
82,624,Guinea-Bissau,1998,0.43746729823661695,505
83,624,Guinea-Bissau,1999,0.16905481368715344,199
84,466,Mali,2016,0.005343590652456871,96
85,466,Mali,2017,0.016853542017635826,312
86,466,Mali,2017,0.0025388348552207816,47
87,466,Mali,2015,0.003096548312002703,54
88,466,Mali,2019,0.021467062074349997,422
89,466,Mali,2019,0.00920743657691315,181
90,466,Mali,2018,0.021071661733783664,402
91,466,Mali,2018,0.006290048278741392,120
92,762,Tajikistan,1993,0.24940478074101652,1395
93,762,Tajikistan,1994,0.06268522736336954,356
94,368,Iraq,2004,0.15558353745280334,4094
95,4,Afghanistan,2009,0.22472419779871008,6381
96,4,Afghanistan,2008,0.20398754344925654,5655
97,4,Afghanistan,2007,0.2525041750087507,6843
98,368,Iraq,2008,0.07440355877294581,2112
99,368,Iraq,2007,0.07925122070884555,2212
100,368,Iraq,2006,0.14332491357150676,3934
101,368,Iraq,2005,0.09687144242134925,2608
102,4,Afghanistan,2012,0.24803139322015866,7729
103,4,Afghanistan,2014,0.369934149623725,12345
104,4,Afghanistan,2011,0.2464687286699378,7423
105,4,Afghanistan,2013,0.24939887681257328,8048
106,4,Afghanistan,2010,0.24083868190623764,7029
107,368,Iraq,2019,0.01266860017997044,498
108,840,United States of America,2005,0.00036610975057081686,108
109,4,Afghanistan,2004,0.028754355263658635,711
110,4,Afghanistan,2003,0.027870596482705387,660
111,178,DR Congo (Zaire),2013,0.29830683291377846,1379
112,180,Congo,1997,0.22892181248850743,10033
113,729,Sudan,2003,0.06785352748561743,1999
114,694,Sierra Leone,1997,0.1725372783167005,748
115,694,Sierra Leone,1998,0.7502024428253076,3287
116,466,Mali,2015,0.004243418057188889,74
117,4,Afghanistan,2006,0.17909392095307325,4734
118,887,Yemen (North Yemen),2014,0.06428256322306267,1660
119,608,Philippines,2017,0.0007986846728351302,84
120,116,Cambodia (Kampuchea),1989,0.09411676991705874,818
121,860,Uzbekistan,2000,0.01901497196906494,471
122,586,Pakistan,2016,0.0025487233901246523,519
123,586,Pakistan,2017,0.002433789736246936,506
124,586,Pakistan,2018,0.00069265035959768,147
125,586,Pakistan,2015,0.009798073783938321,1954
126,840,United States of America,2019,0.00011243981989122224,37
127,422,Lebanon,1989,0.26077981600901984,711
128,422,Lebanon,1990,0.249729578542093,700
129,800,Uganda,2005,0.0251042186284861,695
130,140,Central African Republic,2001,0.052390962317195845,195
131,24,Angola,1999,0.1432544576684338,2273
132,24,Angola,2000,0.06099243102228743,1000
133,24,Angola,2001,0.06627029203128358,1123
134,24,Angola,2002,0.02682737520161914,470
135,508,Mozambique,1989,0.08972391739777212,1149
136,508,Mozambique,1990,0.12142639127540984,1577
137,180,Congo,2002,0.0033485945026505027,167
138,706,Somalia,2006,0.05081799317422378,547
139,706,Somalia,2007,0.13952914958878612,1546
140,706,Somalia,2008,0.13082174304749558,1491
141,706,Somalia,2009,0.12519531365010392,1467
142,706,Somalia,2010,0.1785138119042309,2150
143,728,South Sudan,2014,0.1579363937938861,1667
144,728,South Sudan,2015,0.046007444993806726,493
145,108,Burundi,2019,0.005203555728390696,60
146,800,Uganda,2015,0.0051536349594551506,197
147,800,Uganda,2016,0.003581411395390265,142
148,800,Uganda,2017,0.00570851293286682,235
149,800,Uganda,2018,0.008846444263001324,378
150,800,Uganda,2019,0.007499505247247958,332
151,646,Rwanda,2016,0.011654982689351263,136
152,646,Rwanda,2018,0.0020321950087827407,25
153,646,Rwanda,2019,0.01583915277005399,200
154,646,Rwanda,1990,0.15448183212708996,1126
155,646,Rwanda,2009,0.18645025897572978,1824
156,646,Rwanda,2010,0.020718497574242444,208
157,646,Rwanda,2011,0.011269430416756166,116
158,646,Rwanda,2012,0.007867546163538037,83
159,120,Cameroon,2019,0.005217111647000796,135
160,120,Cameroon,2015,0.012146769371393097,283
161,562,Niger,2015,0.008549289126609122,171
162,566,Nigeria,2017,0.004280327457309929,817
163,120,Cameroon,2015,0.030560069937921854,712
164,566,Nigeria,2016,0.000871153944065593,162
165,566,Nigeria,2017,0.0055639017866133955,1062
166,566,Nigeria,2018,0.0017102771601138758,335
167,854,Burkina Faso,2018,0.0039997031106450524,79
168,762,Tajikistan,1995,0.0638356260384131,368
169,762,Tajikistan,1996,0.4768127171933197,2790
170,4,Afghanistan,1989,0.4359301847782852,5174
171,854,Burkina Faso,2019,0.003838321437079356,78
172,562,Niger,2018,0.00329726673074355,74
173,854,Burkina Faso,2019,0.01308966028542447,266
174,140,Central African Republic,2006,0.011170267661468041,46
175,478,Mauritania,2010,0.00829946768931372,29
176,694,Sierra Leone,2000,0.08332297249251293,382
177,24,Angola,1989,0.24531235159039227,2810
178,887,Yemen (North Yemen),2009,0.004174722993805777,94
179,887,Yemen (North Yemen),2010,0.007557810556697961,175
180,887,Yemen (North Yemen),2011,0.04788389717462325,1140
181,887,Yemen (North Yemen),2012,0.09520627808993815,2330
182,887,Yemen (North Yemen),2013,0.023143810708760513,582
183,368,Iraq,2010,0.034126850410784726,1015
184,368,Iraq,2011,0.028120143966024098,864
185,4,Afghanistan,2017,0.07700549516172682,2795
186,4,Afghanistan,2018,0.07645555696581953,2842
187,4,Afghanistan,2019,0.028258421397308223,1075
188,404,Kenya,2019,0.0011602700629381837,61
189,706,Somalia,2019,0.0021369035076688287,33
190,434,Libya,2016,0.2584655954258675,1678
191,434,Libya,2017,0.014588062740218665,96
192,434,Libya,2018,0.006588241635740612,44
193,434,Libya,2019,0.00634456631421863,43
194,4,Afghanistan,2019,0.7577988577131176,28828
199,400,Jordan,2016,0.0035586123337735544,34
200,104,Myanmar (Burma),2009,0.0015920282053269027,80
201,104,Myanmar (Burma),2017,0.0006556453188113766,35
202,104,Myanmar (Burma),2014,0.001281540823693341,67
203,104,Myanmar (Burma),2015,0.005865523032675101,309
204,356,India,2012,2.1330716883372937e-05,27
205,356,India,2014,2.00679103024428e-05,26
206,729,Sudan,2011,0.004101876351002481,145
207,728,South Sudan,2016,0.06785124790907379,735
208,728,South Sudan,2017,0.044359822685356695,484
209,728,South Sudan,2018,0.04801418085620856,527
210,728,South Sudan,2019,0.00994384979218258,110
211,728,South Sudan,2011,0.02197199689340377,216
212,728,South Sudan,2012,0.01354605183016059,137
213,728,South Sudan,2013,0.08942513928013728,926
214,434,Libya,2017,0.046803367958201544,308
215,434,Libya,2019,0.24374938490905063,1652
216,434,Libya,2011,0.6021668402311475,3762
217,434,Libya,2013,0.004904791665018551,31
218,434,Libya,2014,0.04306795352873504,274
219,434,Libya,2015,0.02430544465330854,156
220,466,Mali,2009,0.005966494225839488,87
221,466,Mali,2012,0.0054444784602664465,87
223,156,China,2008,2.6596344356109448e-05,36
224,50,Bangladesh,2005,0.0004459292610186153,62
225,50,Bangladesh,2006,0.00040448150176232585,57
226,231,Ethiopia,2019,0.00024090209375772086,27
227,586,Pakistan,2016,0.00033393678329186194,68
228,586,Pakistan,2017,0.00038478889110623487,80
229,586,Pakistan,2018,0.00024030726761552164,51
230,586,Pakistan,2019,0.0001339087920527921,29
231,174,Comoros,1989,0.07256567193309944,29
232,231,Ethiopia,1996,0.0004245669302678197,25
233,268,Georgia,1992,0.013386312966340965,71
234,268,Georgia,1993,0.029180522615480955,152
235,268,Georgia,1991,0.009678026933204492,52
236,231,Ethiopia,1991,0.00201572361171874,100
237,466,Mali,2015,0.00252311343940961,44
238,562,Niger,1994,0.005453564209610577,50
239,170,Colombia,1989,0.007332666471478068,238
240,170,Colombia,1990,0.015134777001748718,501
241,170,Colombia,1991,0.021476182114232672,725
242,170,Colombia,1992,0.04296599835317342,1479
243,170,Colombia,1993,0.005186474859047571,182
244,170,Colombia,1994,0.0314047006600692,1123
245,170,Colombia,1995,0.022596581716515424,823
246,170,Colombia,1996,0.0321498424320579,1192
247,170,Colombia,1997,0.014844738744924525,560
248,170,Colombia,1998,0.024475875453712742,939
249,170,Colombia,1999,0.0352312498211514,1374
250,170,Colombia,2000,0.025813800239288632,1023
251,170,Colombia,2001,0.026629599853497457,1072
252,170,Colombia,2002,0.05536342270526136,2263
253,170,Colombia,2003,0.017597200184206525,730
254,170,Colombia,2004,0.029327915638654695,1234
255,170,Colombia,2005,0.03256914183781547,1389
256,170,Colombia,2006,0.011620128015385606,502
257,170,Colombia,2007,0.007224919423857488,316
258,170,Colombia,2008,0.00551350478766544,244
259,170,Colombia,2009,0.008424570839624014,377
260,170,Colombia,2010,0.009265258581757802,419
261,170,Colombia,2011,0.004423737362975556,202
262,170,Colombia,2012,0.004579418301452082,211
263,170,Colombia,2013,0.0030110445976138933,140
264,170,Colombia,2014,0.002533655784678945,119
265,170,Colombia,2015,0.0028198257402405565,134
266,170,Colombia,2016,0.0006227290110847425,30
267,170,Colombia,2018,0.002859383417058228,142
268,170,Colombia,2019,0.002463277156245054,124
269,364,Iran,2016,0.0003770549921257721,30
270,364,Iran,1993,0.0018418130097332618,110
271,364,Iran,2018,0.0005378959690613975,44
272,364,Iran,1996,0.00043342218648683047,27
273,364,Iran,1990,0.0005499748679226484,31
274,608,Philippines,1989,0.013622630722896998,822
275,608,Philippines,1990,0.018822147492641952,1165
276,608,Philippines,1991,0.023859508782513406,1514
277,608,Philippines,1992,0.00661333712621034,430
278,608,Philippines,1993,0.0014866225593261507,99
279,608,Philippines,1994,0.001012014429976419,69
280,608,Philippines,1995,0.0005158769219120112,36
281,608,Philippines,1997,0.0004381708181274937,32
282,608,Philippines,1999,0.0012184588337852747,93
283,608,Philippines,2000,0.0017950614960501531,140
284,608,Philippines,2001,0.0012174784367310783,97
285,608,Philippines,2002,0.0034412721104805665,280
286,608,Philippines,2003,0.002781390977239914,231
287,608,Philippines,2004,0.003187324590903347,270
288,608,Philippines,2005,0.0027106470776774496,234
289,608,Philippines,2006,0.003527189367685882,310
290,608,Philippines,2007,0.0014764195332004364,132
291,608,Philippines,2008,0.002024158619141872,184
292,608,Philippines,2009,0.004079461371726353,377
293,608,Philippines,2010,0.002745651058995485,258
294,608,Philippines,2011,0.00213455996030723,204
295,608,Philippines,2012,0.0018721845417651916,182
296,608,Philippines,2013,0.0016688317989284644,165
297,608,Philippines,2014,0.0018903001704145403,190
298,608,Philippines,2015,0.0016452328408922937,168
299,608,Philippines,2016,0.0008874842457076536,92
300,608,Philippines,2017,0.0016544182508727698,174
301,608,Philippines,2018,0.0013501933223676382,144
302,608,Philippines,2019,0.0012763994790736248,138
303,104,Myanmar (Burma),1991,0.003580790462836742,150
304,104,Myanmar (Burma),1995,0.0007516810663702948,33
305,104,Myanmar (Burma),2000,0.0009203826617201165,43
306,104,Myanmar (Burma),2001,0.0013128606409652454,62
307,104,Myanmar (Burma),2005,0.0007763034436146601,38
308,104,Myanmar (Burma),2006,0.001866086054274423,92
309,104,Myanmar (Burma),2007,0.004332801124287327,215
310,604,Peru,1989,0.0845277915303153,1827
311,604,Peru,1990,0.049792870268097235,1099
312,604,Peru,1991,0.05052751300783759,1138
313,604,Peru,1992,0.045108548322445305,1036
314,604,Peru,1993,0.028707968405001085,672
315,604,Peru,1994,0.010607341580087212,253
316,604,Peru,1995,0.007325353691122264,178
317,604,Peru,1996,0.0032318237686498955,80
318,604,Peru,1997,0.003688872262960902,93
319,604,Peru,1998,0.0009743523187831352,25
320,604,Peru,1999,0.0028759548889219946,75
321,604,Peru,2007,0.0011294230589364716,32
322,604,Peru,2008,0.0014004464133009359,40
323,604,Peru,2009,0.0017365535101772284,50
324,604,Peru,2010,0.000964596550602735,28
343,600,Paraguay,1989,0.036475086543222006,150
344,104,Myanmar (Burma),1989,0.024551059931862462,1000
345,104,Myanmar (Burma),1990,0.009507637899215556,393
346,104,Myanmar (Burma),1991,0.013177308903239211,552
347,104,Myanmar (Burma),1992,0.027428154625738235,1163
348,104,Myanmar (Burma),1994,0.0005762569991886994,25
349,104,Myanmar (Burma),1995,0.0025056035545676495,110
350,104,Myanmar (Burma),1997,0.0009105602626215701,41
351,104,Myanmar (Burma),1998,0.0007892794799174413,36
352,104,Myanmar (Burma),2000,0.0024400842659556576,114
353,104,Myanmar (Burma),2001,0.0007623061786249813,36
354,104,Myanmar (Burma),2002,0.002305975098026477,110
355,104,Myanmar (Burma),2003,0.0007892183305427888,38
356,104,Myanmar (Burma),2004,0.0005559617851636408,27
357,104,Myanmar (Burma),2005,0.000858019595574098,42
358,104,Myanmar (Burma),2006,0.002109488583092826,104
359,104,Myanmar (Burma),2007,0.0020958665903529393,104
360,104,Myanmar (Burma),2008,0.0006609300343070755,33
361,104,Myanmar (Burma),2009,0.0011542204488620045,58
362,104,Myanmar (Burma),2010,0.0023912652652890434,121
363,104,Myanmar (Burma),2011,0.006550225363053105,334
364,104,Myanmar (Burma),2013,0.0007907049508775512,41
365,104,Myanmar (Burma),2017,0.0008617052761520949,46
366,104,Myanmar (Burma),2018,0.0008564781343552781,46
367,104,Myanmar (Burma),2019,0.0009066447848256232,49
368,104,Myanmar (Burma),1990,0.0006048115711969183,25
369,104,Myanmar (Burma),1991,0.0005967984104727904,25
370,104,Myanmar (Burma),1992,0.0005895991965979844,25
371,104,Myanmar (Burma),1994,0.0005762569991886994,25
372,104,Myanmar (Burma),2013,0.0005592791115963167,29
373,104,Myanmar (Burma),2014,0.0007077165742784122,37
374,104,Myanmar (Burma),2015,0.0020121211697849864,106
375,104,Myanmar (Burma),2016,0.0016212588815059398,86
376,104,Myanmar (Burma),2017,0.0073619602940820286,393
377,104,Myanmar (Burma),2018,0.0005027154266867937,27
378,104,Myanmar (Burma),2019,0.008881418300332636,480
379,104,Myanmar (Burma),1991,0.0005967984104727904,25
380,104,Myanmar (Burma),1994,0.002512480516462729,109
381,104,Myanmar (Burma),1996,0.0017996858333432877,80
382,104,Myanmar (Burma),1990,0.002709555838962194,112
383,356,India,1991,8.751525326349933e-05,78
384,356,India,1992,0.0003541158196581741,322
385,356,India,1993,0.00019624675577964434,182
386,356,India,1994,7.191187451892278e-05,68
387,356,India,1996,0.00017610557819732647,173
388,356,India,1997,8.392446563104703e-05,84
389,356,India,1998,9.710798816137096e-05,99
390,356,India,1999,0.00012138048288959347,126
391,356,India,2000,0.0001855049554866284,196
392,356,India,2001,0.00016093021848610182,173
393,356,India,2002,0.00016372193003858816,179
394,356,India,2003,5.9377980780258086e-05,66
395,356,India,2004,8.586932099018559e-05,97
396,356,India,2005,0.00017340386819450333,199
397,356,India,2006,0.00046761596786555425,545
398,356,India,2007,0.0003169345827523384,375
399,356,India,2008,0.0003198214964290905,384
400,356,India,2009,0.0004286677848539743,522
401,356,India,2010,0.0004618072584163711,570
402,356,India,2011,0.00023434601811351234,293
403,356,India,2012,0.00019039639884788436,241
404,356,India,2013,0.00016395463335009208,210
405,356,India,2014,0.00015128116997226108,196
406,356,India,2015,0.00010685779826443274,140
407,356,India,2016,0.0002000728944828767,265
408,356,India,2017,0.00018226953946438775,244
409,356,India,2018,0.0002269631844711452,307
410,356,India,2019,0.00015588204929620366,213
411,887,Yemen (North Yemen),2016,0.10917171208555883,2966
412,887,Yemen (North Yemen),2017,0.09556378881106826,2660
413,887,Yemen (North Yemen),2018,0.15842837369011054,4515
414,887,Yemen (North Yemen),2019,0.05702641958921637,1663
415,887,Yemen (North Yemen),2015,0.2471140994255352,6548
416,104,Myanmar (Burma),2016,0.0006032591186998846,32
417,104,Myanmar (Burma),2017,0.0008055071059682626,43
418,104,Myanmar (Burma),2018,0.00048409633680950503,26
419,104,Myanmar (Burma),2019,0.0005365856889784301,29
420,104,Myanmar (Burma),1989,0.004762905626781317,194
421,104,Myanmar (Burma),1990,0.0006048115711969183,25
422,104,Myanmar (Burma),1991,0.0005967984104727904,25
423,104,Myanmar (Burma),1992,0.0005895991965979844,25
424,104,Myanmar (Burma),2011,0.004098793715203889,209
425,104,Myanmar (Burma),2012,0.013653947469996472,702
426,104,Myanmar (Burma),2013,0.0024106858258461927,125
427,104,Myanmar (Burma),2014,0.001587580423381303,83
428,104,Myanmar (Burma),2015,0.0026954830765044155,142
429,320,Guatemala,1989,0.009060308952115605,82
430,320,Guatemala,1990,0.008959586865893336,83
431,320,Guatemala,1991,0.007592315437929499,72
432,320,Guatemala,1992,0.006901132115273215,67
433,320,Guatemala,1993,0.005835773877446132,58
434,320,Guatemala,1994,0.003637327751640902,37
435,320,Guatemala,1995,0.0025940372115598755,27
436,376,Israel,1989,0.012460834903629288,54
437,376,Israel,1990,0.0065192741215390525,29
438,376,Israel,1991,0.006101141676136146,28
439,376,Israel,1992,0.006943237560137905,33
440,376,Israel,1993,0.00953460381591074,47
441,376,Israel,1994,0.008618037042281852,44
442,376,Israel,1995,0.006449938611760742,34
443,376,Israel,1996,0.012167600960208073,66
444,376,Israel,2000,0.012949993348412507,77
445,376,Israel,2001,0.040259515476731234,244
446,376,Israel,2002,0.0990386122534591,611
447,376,Israel,2003,0.04921656467104381,309
448,376,Israel,2004,0.059251051080815784,379
449,376,Israel,2005,0.018378214464573692,120
450,376,Israel,2006,0.049097085144973365,328
451,376,Israel,2007,0.04030875336709532,276
452,376,Israel,2008,0.09471811887821843,665
453,376,Israel,2009,0.09443623169115821,679
454,376,Israel,2010,0.0036752465069504357,27
455,376,Israel,2011,0.007479536455728156,56
456,376,Israel,2012,0.008404524470692242,64
457,376,Israel,2014,0.21313393978469655,1674
458,376,Israel,2018,0.0069199966068154576,58
459,376,Israel,2019,0.0058689765080129725,50
460,760,Syria,2012,0.00181027700124777,37
461,760,Syria,2013,0.003319974098072852,65
462,760,Syria,2014,0.0027257114922035835,51
463,760,Syria,2015,0.0031115586569646046,56
464,694,Sierra Leone,2001,0.010096614079433849,48
465,706,Somalia,2018,0.00806224586851543,121
466,356,India,1992,5.1687712807249005e-05,47
467,356,India,1993,9.920165676773231e-05,92
468,356,India,1994,6.34516539872848e-05,60
469,356,India,1995,9.855563235033484e-05,95
470,356,India,1996,4.071805276238762e-05,40
471,356,India,1997,3.696672890891357e-05,37
472,356,India,2000,2.8393615635708428e-05,30
473,104,Myanmar (Burma),1992,0.009527923017023428,404
474,104,Myanmar (Burma),1996,0.002789513041682096,124
475,104,Myanmar (Burma),2005,0.0007150163296450817,35
476,368,Iraq,1991,0.013248026477270943,237
477,368,Iraq,1992,0.015215125573691743,280
478,368,Iraq,1993,0.003956721485899801,75
479,368,Iraq,1994,0.0017400785328149126,34
480,368,Iraq,1995,0.01612955897021352,325
481,368,Iraq,1996,0.0020208753537073174,42
482,368,Iraq,2012,0.017717146045601987,565
483,368,Iraq,2013,0.056398243499325824,1870
484,418,Laos,1989,0.007248399009868694,30
485,418,Laos,1990,0.05847169089562898,249
486,104,Myanmar (Burma),1993,0.003031010124692959,130
487,104,Myanmar (Burma),1994,0.012124447262930235,526
488,104,Myanmar (Burma),1995,0.003963409259043373,174
489,104,Myanmar (Burma),1996,0.0005624018229197775,25
490,104,Myanmar (Burma),1997,0.0033757356077677722,152
491,104,Myanmar (Burma),1998,0.0005481107499426676,25
492,104,Myanmar (Burma),1999,0.0005413472943191557,25
493,104,Myanmar (Burma),2000,0.0014768931083415822,69
494,104,Myanmar (Burma),2001,0.002477495080531189,117
495,104,Myanmar (Burma),2002,0.003857267436698835,184
496,104,Myanmar (Burma),2005,0.0005515840257262058,27
497,104,Myanmar (Burma),2006,0.000973610115273612,48
498,104,Myanmar (Burma),2007,0.0005844243376945696,29
499,104,Myanmar (Burma),2008,0.0006208736685914952,31
500,104,Myanmar (Burma),2009,0.0010348183334624866,52
501,104,Myanmar (Burma),2010,0.0007114508227306245,36
502,104,Myanmar (Burma),2011,0.0033339470410749337,170
503,104,Myanmar (Burma),2013,0.001600695388361872,83
504,104,Myanmar (Burma),2015,0.0014616351893721126,77
505,178,DR Congo (Zaire),2013,0.020334185854891353,94
506,178,DR Congo (Zaire),2014,0.012455232411470214,59
507,231,Ethiopia,1989,0.397710872775138,18403
508,231,Ethiopia,1990,0.3964469995988963,18985
509,231,Ethiopia,1991,0.09107039277745267,4518
510,524,Nepal,1996,0.001991819777249362,44
511,524,Nepal,1997,0.0017711048842999166,40
512,524,Nepal,1998,0.01084228273420686,250
513,524,Nepal,1999,0.006635482451254406,156
514,524,Nepal,2000,0.011194139416908139,268
515,524,Nepal,2001,0.017620158907546864,429
516,524,Nepal,2002,0.15959151689795506,3946
517,524,Nepal,2003,0.053467023485619325,1341
518,524,Nepal,2004,0.07395944276595412,1880
519,524,Nepal,2005,0.04288294587193381,1104
520,524,Nepal,2006,0.017531955633640746,457
521,368,Iraq,1989,0.002942051817534888,50
522,368,Iraq,1990,0.0053963712159166765,94
523,368,Iraq,1991,0.06970586083188551,1247
524,368,Iraq,1992,0.0014128330889856618,26
525,368,Iraq,1995,0.013002906000602898,262
526,368,Iraq,1996,0.017129324426662023,356
529,231,Ethiopia,1989,0.12815440284500182,5930
530,231,Ethiopia,1990,0.6396819035403207,30633
531,231,Ethiopia,1991,0.13922602986141336,6907
532,643,Russia (Soviet Union),2016,0.00047496005758002725,69
533,643,Russia (Soviet Union),2017,0.0003641858507461526,53
534,643,Russia (Soviet Union),2018,0.00019899263887802624,29
535,643,Russia (Soviet Union),2019,0.00017823813794343076,26
536,643,Russia (Soviet Union),2015,0.0003793494335164563,55
537,862,Venezuela,1992,0.00700467669185075,144
538,178,DR Congo (Zaire),2016,0.09576397973417365,477
539,178,DR Congo (Zaire),2017,0.6474649955064873,3309
540,178,DR Congo (Zaire),2018,0.08103939410753984,425
541,178,DR Congo (Zaire),2019,0.03289654649452914,177
542,178,DR Congo (Zaire),1996,0.46808564100631234,1304
543,178,DR Congo (Zaire),1997,1.5544332387141415,4457
544,178,DR Congo (Zaire),2005,0.009385070836582453,34
545,178,DR Congo (Zaire),2006,0.048596275229009944,182
546,178,DR Congo (Zaire),2007,0.1331227105022209,516
547,178,DR Congo (Zaire),2008,0.12115208150992388,486
548,178,DR Congo (Zaire),2011,0.009329118088886926,41
549,178,DR Congo (Zaire),2012,0.1558690230160678,703
550,178,DR Congo (Zaire),2014,0.01667734509332452,79
551,108,Burundi,1991,0.04887758554790425,272
552,108,Burundi,1992,0.01072891736957198,61
553,108,Burundi,1994,0.009493192363947297,56
554,108,Burundi,1995,0.04242494292675985,254
555,108,Burundi,1996,0.08762217187476795,531
556,108,Burundi,1997,0.10437543796031773,639
557,108,Burundi,1998,0.10039504885892378,621
558,108,Burundi,1999,0.08361081272901226,524
559,108,Burundi,2000,0.21132266195695132,1348
560,108,Burundi,2001,0.1811342683049051,1182
561,108,Burundi,2002,0.1661665263051754,1114
562,108,Burundi,2003,0.1406827833365006,972
563,108,Burundi,2004,0.054264852865128145,387
564,108,Burundi,2005,0.03883306899237826,286
565,108,Burundi,2006,0.018533488436286202,141
566,108,Burundi,2008,0.024735100609098774,201
567,108,Burundi,2014,0.004977499164237258,49
568,108,Burundi,2015,0.013090507374286346,133
569,148,Chad,2018,0.002713576741597781,42
570,148,Chad,1989,0.0545555626756819,315
571,148,Chad,1990,0.226722005617742,1352
572,148,Chad,1991,0.011044187306168423,68
573,148,Chad,1992,0.14142467028309003,899
574,148,Chad,1993,0.018281744535472298,120
575,148,Chad,1994,0.02300526304379981,156
576,148,Chad,1997,0.012927310930081372,97
577,148,Chad,1998,0.004375774528178894,34
578,148,Chad,1999,0.04892263419329557,394
579,148,Chad,2000,0.11836296715972203,989
580,148,Chad,2001,0.026042719970813713,226
581,148,Chad,2002,0.03259703216218331,294
582,148,Chad,2003,0.003947124322574788,37
583,148,Chad,2005,0.009904294799353845,100
584,148,Chad,2006,0.1195357575439973,1250
585,148,Chad,2007,0.0063782401806761315,69
586,148,Chad,2008,0.08861198314780702,991
587,148,Chad,2009,0.01133204073098756,131
588,148,Chad,2010,0.0035140168274552484,42
589,360,Indonesia,2018,9.33983962501605e-05,25
590,760,Syria,2013,0.061700441699569314,1208
591,760,Syria,2014,0.3435465386644046,6428
593,566,Nigeria,2019,0.0015375918593577365,309
594,566,Nigeria,2009,0.002624332804693349,405
595,566,Nigeria,2011,0.001990109890919866,324
596,760,Syria,2011,0.05416991156453615,1142
597,760,Syria,2012,2.1829005050721757,44616
598,760,Syria,2013,3.1528517096283233,61728
599,760,Syria,2014,3.0460627605225694,56994
600,116,Cambodia (Kampuchea),1990,0.030527217298191977,274
601,116,Cambodia (Kampuchea),1991,0.0236831674470988,220
602,116,Cambodia (Kampuchea),1992,0.012261142807088895,118
603,116,Cambodia (Kampuchea),1993,0.027480443502264182,274
604,116,Cambodia (Kampuchea),1994,0.04497038690330524,464
605,116,Cambodia (Kampuchea),1995,0.06512674142478354,694
606,116,Cambodia (Kampuchea),1996,0.07174777488571117,788
607,116,Cambodia (Kampuchea),1997,0.03673023386803703,415
608,116,Cambodia (Kampuchea),1998,0.021205964220538578,246
609,120,Cameroon,2017,0.0014247293116074326,35
610,120,Cameroon,2018,0.029782369400443622,751
611,120,Cameroon,2019,0.021564061474269956,558
612,324,Guinea,2000,0.026332602613723166,217
613,324,Guinea,2001,0.05132420000185337,432
614,608,Philippines,1989,0.0019058424977288987,115
615,608,Philippines,1990,0.0022780453188519447,141
616,608,Philippines,1993,0.002312523981174012,154
617,608,Philippines,1994,0.0028747076561649004,196
618,608,Philippines,1995,0.0016622700817164808,116
619,608,Philippines,1996,0.0025209468625996987,180
620,608,Philippines,1997,0.003697066277950728,270
621,608,Philippines,1998,0.001245446603693226,93
622,608,Philippines,1999,0.0013887810363574099,106
623,608,Philippines,2000,0.018296805391882633,1427
624,608,Philippines,2001,0.008183463306687249,652
625,608,Philippines,2002,0.004694878379298487,382
626,608,Philippines,2003,0.009933539204428262,825
627,608,Philippines,2004,0.0008145385065641887,69
628,608,Philippines,2005,0.0027338150014182827,236
629,608,Philippines,2006,0.0005689015109170778,50
630,608,Philippines,2007,0.0034337939143373785,307
631,608,Philippines,2008,0.0032672560319844347,297
632,608,Philippines,2009,0.005594380714012001,517
633,608,Philippines,2010,0.000787512319246767,74
634,608,Philippines,2011,0.0015276752657100762,146
635,608,Philippines,2012,0.0011624002924146518,113
636,608,Philippines,2013,0.00352983210803657,349
637,608,Philippines,2014,0.002785705514295112,280
638,608,Philippines,2015,0.003956393260240992,404
639,608,Philippines,2016,0.002922910070102381,303
640,608,Philippines,2018,0.0007782364288646804,83
641,608,Philippines,2019,0.00032372450556215123,35
642,729,Sudan,1989,0.21836400740928122,4253
643,729,Sudan,1990,0.2151621891092494,4335
644,729,Sudan,1991,0.0630401673565664,1317
645,729,Sudan,1992,0.04991648322474308,1083
646,729,Sudan,1993,0.04181493323127293,942
647,729,Sudan,1994,0.014439681444345204,337
648,729,Sudan,1995,0.041502832506064284,1000
649,729,Sudan,1996,0.0923639953282945,2289
650,729,Sudan,1997,0.1459436862770281,3709
651,729,Sudan,1998,0.18800317564309119,4891
652,729,Sudan,1999,0.052879626141043176,1408
653,729,Sudan,2000,0.10416124733038683,2841
654,729,Sudan,2001,0.12184014222977542,3408
655,729,Sudan,2002,0.07040637752882045,2021
656,729,Sudan,2004,0.10849207304554824,3278
657,729,Sudan,2005,0.005202020296667663,161
658,729,Sudan,2006,0.03164694491384956,1002
659,729,Sudan,2007,0.006705681371546076,217
660,729,Sudan,2008,0.018087862487721127,598
661,729,Sudan,2009,0.010448801479550289,353
662,729,Sudan,2010,0.0292372149566939,1010
663,729,Sudan,2011,0.035615602247669825,1259
664,729,Sudan,2012,0.03240888261991749,1173
665,729,Sudan,2013,0.01599566040160976,593
666,729,Sudan,2014,0.022539568462583145,856
667,729,Sudan,2015,0.03249111095642418,1264
668,729,Sudan,2016,0.03285029678072362,1309
669,729,Sudan,2017,0.00392028127626129,160
670,729,Sudan,2018,0.005813184071818229,243
671,144,Sri Lanka,1989,0.022681102759892702,388
672,144,Sri Lanka,1990,0.003520767245598161,61
673,800,Uganda,1989,0.06078849297093528,1019
674,800,Uganda,1990,0.035783442753262215,621
675,800,Uganda,1991,0.04751153728285473,853
676,800,Uganda,1992,0.0038789617398608785,72
677,800,Uganda,1994,0.0075277081548976,149
678,800,Uganda,1995,0.014451463827961546,295
679,800,Uganda,1996,0.05895548846357575,1240
680,800,Uganda,1997,0.04100595362115818,888
681,800,Uganda,1998,0.037459422137047026,835
682,800,Uganda,1999,0.015466788100559042,355
683,800,Uganda,2000,0.01640580936474888,388
684,800,Uganda,2001,0.007749403480441613,189
685,800,Uganda,2002,0.043151298824293985,1086
686,800,Uganda,2003,0.02471079611988154,642
687,800,Uganda,2004,0.0600269189040054,1610
688,800,Uganda,2006,0.007734987430645425,221
689,800,Uganda,2007,0.0030861753418999003,91
690,458,Malaysia,2013,0.002375383722031511,70
691,222,El Salvador,1989,0.9470046579169205,4925
692,222,El Salvador,1990,0.16090855650224264,848
693,222,El Salvador,1991,0.01647264511370805,88
694,50,Bangladesh,1989,0.00025820420011635876,26
695,50,Bangladesh,1990,0.0004361650327132983,45
696,50,Bangladesh,1991,0.0002367443859028188,25
697,120,Cameroon,2016,0.007899175096249777,189
698,148,Chad,2017,0.003795758619318773,57
699,148,Chad,2018,0.006977768764108581,108
700,148,Chad,2019,0.011538305732744496,184
701,148,Chad,2015,0.019275781943000236,272
702,360,Indonesia,1992,0.00020773433714258094,39
703,360,Indonesia,1997,0.0002514465027055348,51
704,360,Indonesia,1998,0.00014582602390515316,30
705,360,Indonesia,1999,0.00012463139605508363,26
706,504,Morocco,1989,0.00849906370701075,207
707,508,Mozambique,2016,0.001976289555884618,55
708,508,Mozambique,2018,0.0017968532624193327,53
709,508,Mozambique,2019,0.00777183909013104,236
710,508,Mozambique,1991,0.0994895794419415,1326
711,508,Mozambique,1992,0.022381574850179258,309
712,508,Mozambique,2013,0.001643144145367867,42
713,508,Mozambique,2014,0.001141283606237069,30
714,887,Yemen (North Yemen),2017,0.0009340821462735996,26
715,887,Yemen (North Yemen),2015,0.009283761218491395,246
716,404,Kenya,2016,0.0009989494517510576,49
717,404,Kenya,2017,0.0016925141453363094,85
718,404,Kenya,2018,0.0013426065285312644,69
719,404,Kenya,2015,0.0008772234141205274,42
720,356,India,1992,3.1892418540643006e-05,29
721,356,India,1997,7.193525625518316e-05,72
722,356,India,1999,3.082678930529358e-05,32
723,356,India,2000,5.773368512594047e-05,61
724,356,India,2001,2.9767439257544846e-05,32
725,356,India,2002,3.658590615387445e-05,40
726,356,India,2003,2.8789324014670588e-05,32
727,356,India,2004,2.301651902829717e-05,26
728,818,Egypt,2016,0.003758718997225441,355
729,818,Egypt,2017,0.004106069735373138,396
730,818,Egypt,2018,0.00660410701083669,650
731,818,Egypt,2019,0.004044305022839565,406
732,818,Egypt,2015,0.008297045119342176,767
733,706,Somalia,1989,0.05313136498682299,379
734,706,Somalia,1990,0.375081884804464,2710
735,706,Somalia,1991,1.100490979823278,8005
736,706,Somalia,1992,0.15818230167585512,1154
737,706,Somalia,1993,0.003417231375542246,25
738,706,Somalia,1994,0.03214608919088429,237
739,706,Somalia,1995,0.013882127654973599,104
740,706,Somalia,1996,0.03332169243479133,256
741,706,Somalia,2001,0.024818436266527796,228
742,706,Somalia,2002,0.011998313921148977,114
743,364,Iran,2018,0.0003300725264694939,27
744,364,Iran,2019,0.00034976044364483047,29
745,364,Iran,1991,0.0007801796233552838,45
746,364,Iran,1993,0.0012725253521793445,76
747,364,Iran,1997,0.0006018723710947372,38
748,364,Iran,1999,0.0004320929308439122,28
749,364,Iran,2000,0.0006095386985224188,40
750,364,Iran,2001,0.0017908441243104068,119
751,364,Iran,2005,0.00040136265488208573,28
752,364,Iran,2006,0.0008078831709091306,57
753,364,Iran,2007,0.0012055543646422905,86
754,364,Iran,2008,0.001677745146019845,121
755,364,Iran,2009,0.001823795743214112,133
756,364,Iran,2010,0.001003219534842621,74
757,364,Iran,2011,0.003054868697656818,228
758,356,India,2016,3.5484626568661146e-05,47
759,356,India,2017,2.913324606193083e-05,39
760,356,India,2018,1.99609315332929e-05,27
761,356,India,2015,0.00012288646800409764,161
762,724,Spain,1991,0.0011196190567407925,44
763,356,India,1993,2.6956971947753344e-05,25
764,356,India,1994,2.643818916136867e-05,25
765,356,India,1995,2.5935692723772324e-05,25
766,356,India,1996,2.8502636933671335e-05,28
767,356,India,1998,2.4522219232669433e-05,25
768,356,India,1999,2.9863452139503157e-05,31
769,356,India,2000,5.6787231271416857e-05,60
770,356,India,2003,2.429099213737831e-05,27
771,356,India,2004,5.311504391145501e-05,60
772,356,India,2005,4.095468243789777e-05,47
773,356,India,2006,6.263479936547791e-05,73
774,356,India,2007,3.8032149930280604e-05,45
775,356,India,2008,8.24539795481249e-05,99
776,356,India,2009,7.883545468578838e-05,96
777,356,India,1992,0.0026283751831771302,2390
778,356,India,1993,0.0003860238382918279,358
779,356,India,1989,0.0010580653707275458,905
780,356,India,1990,0.0021058591001693375,1839
781,356,India,1991,0.0029990804099145345,2673
782,144,Sri Lanka,1989,0.008476185309753716,145
783,144,Sri Lanka,1990,0.2055320026487713,3561
784,144,Sri Lanka,1991,0.36679392682324297,6432
785,144,Sri Lanka,1992,0.23065004806102016,4091
786,144,Sri Lanka,1993,0.1157612288252489,2075
787,144,Sri Lanka,1994,0.03630942795021287,657
788,144,Sri Lanka,1995,0.2606491056227466,4755
789,144,Sri Lanka,1996,0.21059176394557932,3868
790,144,Sri Lanka,1997,0.15592096041681136,2880
791,144,Sri Lanka,1998,0.20264379589212692,3762
792,144,Sri Lanka,1999,0.10083965353809747,1882
793,144,Sri Lanka,2000,0.13446868573129078,2525
794,144,Sri Lanka,2001,0.06049156695208217,1144
795,144,Sri Lanka,2003,0.0015085281779538906,29
796,144,Sri Lanka,2005,0.0045024330534252565,88
797,144,Sri Lanka,2006,0.10002042549095179,1970
798,144,Sri Lanka,2007,0.12569269577267345,2494
799,144,Sri Lanka,2008,0.41343107560534476,8262
800,144,Sri Lanka,2009,0.5051306163915357,10165
801,120,Cameroon,2016,0.0013374264713227136,32
802,120,Cameroon,2017,0.0025645127608933784,63
803,792,Turkey,1989,0.004283626738805708,227
804,792,Turkey,1990,0.004543620406441496,245
805,792,Turkey,1991,0.005543338835036345,304
806,792,Turkey,1992,0.027229214342455912,1518
807,792,Turkey,1993,0.03736730282984685,2117
808,792,Turkey,1994,0.06914018396396274,3980
809,792,Turkey,1995,0.05259337576857328,3076
810,792,Turkey,1996,0.06012795187771365,3573
811,792,Turkey,1997,0.06928643141601507,4183
812,792,Turkey,1998,0.031827990581719305,1952
813,792,Turkey,1999,0.022315913023231302,1390
814,792,Turkey,2000,0.002751414622434124,174
815,792,Turkey,2001,0.0020251668102639754,130
816,792,Turkey,2002,0.0007828646944094572,51
817,792,Turkey,2003,0.0011953505041549628,79
818,792,Turkey,2004,0.0027308977804068684,183
819,792,Turkey,2005,0.004859840649359537,330
820,792,Turkey,2006,0.0030542429623224656,210
821,792,Turkey,2007,0.006582175864414305,458
822,792,Turkey,2008,0.0072850058447616085,513
823,792,Turkey,2009,0.001864797785955033,133
824,792,Turkey,2010,0.004507307589952034,326
825,792,Turkey,2011,0.008210420524123291,603
826,792,Turkey,2012,0.010863879924736754,811
827,792,Turkey,2013,0.00039512440715863223,30
828,792,Turkey,2015,0.011549812552399952,907
829,792,Turkey,2016,0.013328678651420327,1064
830,792,Turkey,2017,0.008802160242439601,714
831,792,Turkey,2018,0.010796684822666578,889
832,792,Turkey,2019,0.006472522398433448,540
833,826,United Kingdom,1998,0.0004956420078273153,29
834,826,United Kingdom,1989,0.0006669675158210398,38
835,826,United Kingdom,1990,0.0007701142868854595,44
836,826,United Kingdom,1991,0.0004538251103248843,26
837,50,Bangladesh,2016,0.0002595312027117137,41
838,50,Bangladesh,2017,0.0002943286851465294,47
839,422,Lebanon,2017,0.010264873324864324,70
840,422,Lebanon,2014,0.02012443288230114,126
841,422,Lebanon,2015,0.011633814662004773,76
842,356,India,1990,0.0004660601706193151,407
843,356,India,1991,0.0003702568407301895,330
844,356,India,1992,0.00029143072114725505,265
845,356,India,1993,0.0009122239307119732,846
846,356,India,1994,0.0010131114086636473,958
847,356,India,1995,0.0007127128360492635,687
848,356,India,1996,0.0004977781950201886,489
849,356,India,1997,0.0005325207164446199,533
850,356,India,1998,0.0005649919311207038,576
851,356,India,1999,0.0008323233112429267,864
852,356,India,2000,0.0022270059196940646,2353
853,356,India,2001,0.0006827906379699349,734
854,356,India,2002,0.001339044165231805,1464
855,356,India,2003,0.0010337166654017659,1149
856,356,India,2004,0.0009684643006521962,1094
857,356,India,2005,0.0009219160429637413,1058
858,356,India,2006,0.0006048977198994784,705
859,356,India,2007,0.000464837388036763,550
860,356,India,2008,0.00041060416078005633,493
861,356,India,2009,0.0002964541577246834,361
862,356,India,2010,0.00029976962388431104,370
863,356,India,2011,0.000111974206607139,140
864,356,India,2012,0.0001113937437242809,141
865,356,India,2013,0.0001139875069957783,146
866,356,India,2014,0.00013275694507769851,172
867,356,India,2015,0.00012593954795451001,165
868,356,India,2016,0.00021215276735731453,281
869,356,India,2017,0.00024053603158824942,322
870,356,India,2018,0.0002861066853105316,387
871,356,India,2019,0.00019466960146849848,266
872,356,India,1990,3.435332952967925e-05,30
873,356,India,1994,2.643818916136867e-05,25
874,356,India,1995,3.0085403559575898e-05,29
875,356,India,1996,4.8861663314865144e-05,48
876,356,India,1997,0.00011189928750806271,112
877,356,India,1998,5.394888231187275e-05,55
878,356,India,1999,5.1056869786892494e-05,53
879,356,India,2000,8.234148534355444e-05,87
880,356,India,2001,0.00010511626987820523,113
881,356,India,2002,5.396421157696481e-05,59
882,356,India,2003,3.86856541447136e-05,43
883,356,India,2004,6.196755123003084e-05,70
884,356,India,2005,6.796734532246864e-05,78
885,356,India,2006,4.204253656038928e-05,49
886,356,India,2007,9.634811315671087e-05,114
887,356,India,2008,6.246513602130675e-05,75
888,356,India,2009,5.173576713754862e-05,63
889,356,India,2010,2.5926021525129605e-05,32
890,360,Indonesia,1990,0.0003968835862938855,72
891,360,Indonesia,1991,0.000314206641475709,58
892,360,Indonesia,1999,0.0008963873485500247,187
893,360,Indonesia,2000,0.0013521574963550136,286
894,360,Indonesia,2001,0.0012964759884555623,278
895,360,Indonesia,2002,0.00214393052119273,466
896,360,Indonesia,2003,0.003939912288746658,868
897,360,Indonesia,2004,0.004187460918337677,935
898,360,Indonesia,2005,0.0009412722646022571,213
899,591,Panama,1989,0.03182575687436349,77
901,598,Papua New Guinea,1990,0.011915483260587502,55
902,598,Papua New Guinea,1992,0.007237063026134483,35
903,598,Papua New Guinea,1993,0.006870001190126677,34
904,598,Papua New Guinea,1994,0.0051325946608381445,26
905,598,Papua New Guinea,1995,0.0055908324228951915,29
906,598,Papua New Guinea,1996,0.014677495898768933,78
907,642,Romania,1989,0.010610910154866874,249
910,466,Mali,1990,0.05408338427072935,457
911,466,Mali,1991,0.006832240020529144,59
912,466,Mali,1994,0.011355245314541903,106
913,466,Mali,2007,0.0028568383370124284,39
914,466,Mali,2008,0.007935620577574303,112
915,466,Mali,2009,0.0026746353426177014,39
916,466,Mali,2012,0.008198007796493155,131
917,466,Mali,2014,0.005550892740040532,94
918,646,Rwanda,1991,0.021598186768696688,153
919,646,Rwanda,1992,0.012980736735887812,87
920,646,Rwanda,1993,0.05635594478586177,353
921,646,Rwanda,1994,0.177553079358309,1054
922,646,Rwanda,1996,0.014967291479021181,90
923,646,Rwanda,1997,0.09906699452234288,636
924,646,Rwanda,1998,0.1574079393347504,1096
925,646,Rwanda,1999,0.04199306834418532,315
926,646,Rwanda,2000,0.019536941709832802,155
927,646,Rwanda,2001,0.24832496066770743,2044
928,646,Rwanda,2002,0.00700125464856609,59
929,686,Senegal,1990,0.007706303729877579,58
930,686,Senegal,1992,0.009762092792446643,78
931,686,Senegal,1993,0.02832224491108213,233
932,686,Senegal,1995,0.03440675108786897,299
933,686,Senegal,1997,0.034936406977818996,319
934,686,Senegal,1998,0.02588850803779337,242
935,686,Senegal,2000,0.0047970290264143815,47
936,686,Senegal,2001,0.0032881291959766853,33
937,686,Senegal,2003,0.0036996737646647006,39
938,686,Senegal,2011,0.0019180878290882472,25
939,643,Russia (Soviet Union),1990,0.0003321323202692045,49
940,643,Russia (Soviet Union),1991,0.0014865308413526718,220
941,643,Russia (Soviet Union),1990,0.000969284118336658,143
942,780,Trinidad and Tobago,1990,0.031937866927192304,39
943,262,Djibouti,1992,0.2097390456060483,129
944,262,Djibouti,1993,0.05335454580730278,33
945,262,Djibouti,1994,0.0626642929218271,39
946,262,Djibouti,1999,0.03571566331844228,25
947,262,Djibouti,1991,0.09722448804715551,59
949,332,Haiti,2004,0.02288030549518618,207
950,332,Haiti,1989,0.0069587858658360585,48
951,332,Haiti,1991,0.02228843435032209,160
952,434,Libya,2015,0.018384887622374408,118
953,792,Turkey,2016,0.00482287714360604,385
954,792,Turkey,1992,0.0011838788844546048,66
955,792,Turkey,1995,0.0004958413190145075,29
956,792,Turkey,2005,0.00042707690554977755,29
957,792,Turkey,1991,0.0007293866888205717,40
958,688,Serbia (Yugoslavia),1991,0.006664667960514757,64
959,688,Serbia (Yugoslavia),1992,0.011545028963076007,112
960,688,Serbia (Yugoslavia),1991,0.30803262230004147,2958
961,12,Algeria,1991,0.0012878559577049924,34
962,12,Algeria,1992,0.009508541593209791,257
963,12,Algeria,1993,0.02894825524704314,800
964,12,Algeria,1994,0.06791008520411854,1916
965,12,Algeria,1995,0.10459775278960956,3008
966,12,Algeria,1996,0.03703904287559648,1084
967,12,Algeria,1997,0.04717079458749594,1403
968,12,Algeria,1998,0.10032209719220674,3029
969,12,Algeria,1999,0.03317723704541552,1016
970,12,Algeria,2000,0.030023608478228925,932
971,12,Algeria,2001,0.020412372530377157,642
972,12,Algeria,2002,0.01692036222759865,539
973,12,Algeria,2003,0.02076607668589781,670
974,12,Algeria,2005,0.006908052315374006,229
975,12,Algeria,2006,0.007580034688022269,255
976,12,Algeria,2007,0.013814509074493452,472
977,12,Algeria,2008,0.00976084377916376,339
978,12,Algeria,2009,0.014292230896112687,505
979,12,Algeria,2010,0.006559664274158833,236
980,12,Algeria,2011,0.0072828567171860535,267
981,12,Algeria,2012,0.0068478678481343,256
982,12,Algeria,2013,0.0038542076476656413,147
983,12,Algeria,2014,0.0027489686999854694,107
984,12,Algeria,2015,0.0021143767044015786,84
985,12,Algeria,2016,0.002120765355611168,86
986,12,Algeria,2017,0.001449654443454223,60
987,12,Algeria,2018,0.0007814643291726673,33
988,24,Angola,2016,0.0008667769992887574,25
989,24,Angola,2017,0.000838454361034222,25
990,24,Angola,2019,0.0007855385742016124,25
991,24,Angola,1991,0.002040999433336917,25
992,24,Angola,1992,0.0019751352592376876,25
993,24,Angola,1994,0.003702674360231559,50
994,24,Angola,1995,0.0017927309064298446,25
995,24,Angola,1996,0.0020137879198001323,29
996,24,Angola,1997,0.003429361737952114,51
997,24,Angola,1998,0.0016276465532956588,25
998,24,Angola,2002,0.0031964532155120675,56
999,24,Angola,2003,0.0013795784968300322,25
1000,24,Angola,2004,0.0013327548821743395,25
1001,24,Angola,2007,0.0011958655579239008,25
1002,24,Angola,2009,0.0011104066198001044,25
1003,31,Azerbaijan,2016,0.0144822726198462,141
1004,31,Azerbaijan,2017,0.0036565611505004008,36
1005,31,Azerbaijan,1991,0.004756762927692447,35
1006,31,Azerbaijan,1992,0.2900190098293291,2167
1007,31,Azerbaijan,1993,0.15444974869931152,1171
1008,31,Azerbaijan,1994,0.19612936677414952,1507
1009,31,Azerbaijan,1997,0.003658997575977192,29
1010,31,Azerbaijan,1998,0.004255370809883424,34
1011,31,Azerbaijan,2005,0.002927877019795962,25
1012,31,Azerbaijan,2008,0.003400639932422483,30
1013,31,Azerbaijan,2012,0.0026984190718215536,25
1014,31,Azerbaijan,2014,0.004839244505563869,46
1015,31,Azerbaijan,2015,0.007482275580315422,72
1016,70,Bosnia-Herzegovina,1992,0.949057709464099,4018
1017,70,Bosnia-Herzegovina,1993,0.6950335136089278,2835
1018,70,Bosnia-Herzegovina,1994,0.4519211985590344,1779
1019,70,Bosnia-Herzegovina,1995,0.31261025910088897,1197
1020,191,Croatia,1992,0.02662234679790216,126
1021,191,Croatia,1993,0.07344274244141132,345
1022,191,Croatia,1995,0.18584449754080945,858
1023,818,Egypt,2017,0.0010679928857157404,103
1024,818,Egypt,2018,0.00028448460969758045,28
1025,818,Egypt,2019,0.0004183763816730585,42
1026,818,Egypt,1993,0.001720088036443689,103
1027,818,Egypt,1994,0.0023733217423572983,145
1028,818,Egypt,1995,0.0030641371225426242,191
1029,818,Egypt,1996,0.001336443693771883,85
1030,818,Egypt,1997,0.0010170703077126183,66
1031,818,Egypt,1998,0.00040785338921408144,27
1032,818,Egypt,2014,0.0020348429700621073,184
1033,268,Georgia,1992,0.10671342449223924,566
1034,268,Georgia,1993,0.30927514429960407,1611
1035,268,Georgia,1992,0.025264308978728018,134
1036,268,Georgia,2008,0.14990411929760866,621
1037,268,Georgia,2004,0.006389306100059847,27
1038,498,Moldova,1992,0.13365917230929236,585
1039,762,Tajikistan,1992,0.6097239613338689,3355
1040,762,Tajikistan,1997,0.014650401016838868,87
1041,762,Tajikistan,1998,0.09954549187501399,600
1042,762,Tajikistan,2000,0.007399865740696799,46
1043,762,Tajikistan,2010,0.013019108730415042,98
1044,762,Tajikistan,2011,0.003637541349426509,28
1045,31,Azerbaijan,1993,0.007913736056326807,60
1046,31,Azerbaijan,1995,0.0056588597551925825,44
1047,70,Bosnia-Herzegovina,1993,0.03260651051498674,133
1048,70,Bosnia-Herzegovina,1994,0.18341040211333492,722
1049,70,Bosnia-Herzegovina,1995,0.03029472853442199,116
1050,70,Bosnia-Herzegovina,1993,0.5704913531456702,2327
1051,70,Bosnia-Herzegovina,1994,0.08306814610950211,327
1052,643,Russia (Soviet Union),1993,0.0009772629068527455,145
1053,484,Mexico,1994,0.0016083162862898825,145
1054,484,Mexico,1996,0.00039722140407137983,37
1055,643,Russia (Soviet Union),1994,0.0015436525771114625,229
1056,643,Russia (Soviet Union),1995,0.011833164177779165,1754
1057,643,Russia (Soviet Union),1996,0.018382545183566436,2721
1058,643,Russia (Soviet Union),1999,0.03926735915574565,5769
1059,643,Russia (Soviet Union),2000,0.01985589415763367,2907
1060,643,Russia (Soviet Union),2001,0.0054240969766549746,791
1061,643,Russia (Soviet Union),2002,0.008876450258924126,1289
1062,643,Russia (Soviet Union),2003,0.0033192524191610596,480
1063,643,Russia (Soviet Union),2004,0.007988581450656847,1151
1064,643,Russia (Soviet Union),2005,0.004746919418084754,682
1065,643,Russia (Soviet Union),2006,0.0018060956467251252,259
1066,643,Russia (Soviet Union),2007,0.0010190819109212545,146
1067,887,Yemen (North Yemen),1994,0.10414322890311022,1489
1069,586,Pakistan,2019,0.0006833965939245941,148
1070,586,Pakistan,1990,0.0006502680339809265,70
1071,586,Pakistan,1994,0.0003157122579870299,38
1072,586,Pakistan,1995,0.0004201109197855964,52
1073,586,Pakistan,1996,0.0003298015953649621,42
1074,586,Pakistan,2007,0.0034861248001929056,585
1075,586,Pakistan,2008,0.01746587675695185,2998
1076,586,Pakistan,2009,0.03590928981816386,6303
1077,586,Pakistan,2010,0.03106596678584446,5574
1078,586,Pakistan,2011,0.014170380819112155,2598
1079,586,Pakistan,2012,0.014272737163113277,2673
1080,586,Pakistan,2013,0.009040012428265553,1729
1081,586,Pakistan,2014,0.015089218498908775,2947
1083,562,Niger,1995,0.0035826095496143476,34
1084,174,Comoros,1997,0.11156378559831061,56
1085,180,Congo,2016,0.000647297412726857,51
1086,180,Congo,1993,0.0013654221273354033,53
1087,12,Algeria,2015,0.0006544499323147744,26
1088,688,Serbia (Yugoslavia),1998,0.12751111721420733,1235
1089,688,Serbia (Yugoslavia),1999,0.146542719081365,1404
1090,231,Ethiopia,1989,0.0005402799445404799,25
1091,231,Ethiopia,1990,0.0016705693952020913,80
1092,231,Ethiopia,1991,0.01411006528203118,700
1093,231,Ethiopia,1992,0.0032086440637722094,165
1094,231,Ethiopia,1994,0.00045305455086681754,25
1095,231,Ethiopia,1995,0.00043822817966359713,25
1096,231,Ethiopia,1998,0.0003999505725084471,25
1097,231,Ethiopia,1999,0.010614983993287972,683
1098,231,Ethiopia,2000,0.00037750203250869316,25
1099,231,Ethiopia,2001,0.00036678714793091994,25
1100,231,Ethiopia,2002,0.0003564193767251589,25
1101,231,Ethiopia,2003,0.0003464015344424067,25
1102,231,Ethiopia,2004,0.0003367479213359011,25
1103,231,Ethiopia,2005,0.0003274552496381292,25
1104,231,Ethiopia,2006,0.00031851513848305636,25
1105,231,Ethiopia,2007,0.00030988786608401636,25
1106,231,Ethiopia,2008,0.00030150910371763625,25
1107,231,Ethiopia,2009,0.0004927615498819642,42
1108,231,Ethiopia,2010,0.000285257996802874,25
1109,231,Ethiopia,2011,0.0002773465716546833,25
1110,231,Ethiopia,2012,0.0002696086884397899,25
1111,231,Ethiopia,2013,0.00026209353839517797,25
1112,231,Ethiopia,2015,0.00024792867246800583,25
1113,231,Ethiopia,2016,0.00024130467996624167,25
1114,643,Russia (Soviet Union),1999,0.0005785622340506813,85
1115,586,Pakistan,2016,0.000461618494550515,94
1116,586,Pakistan,2019,0.00017084914848114854,37
1117,586,Pakistan,2004,0.00027447153410400086,43
1118,586,Pakistan,2006,0.0012193439702642,200
1119,586,Pakistan,2007,0.000494612578488908,83
1120,586,Pakistan,2008,0.0011476910343961022,197
1121,586,Pakistan,2009,0.00046147112093785064,81
1122,586,Pakistan,2011,0.0002290823689001965,42
1123,586,Pakistan,2012,0.0006300721979975184,118
1124,586,Pakistan,2013,0.00023528083243027758,45
1125,586,Pakistan,2014,0.0004608176670857787,90
1126,586,Pakistan,2015,0.0005365373054664281,107
1127,140,Central African Republic,2018,0.010072058075058262,47
1128,140,Central African Republic,2019,0.010115529888335088,48
1129,140,Central African Republic,2002,0.034454380690397406,131
1130,140,Central African Republic,2009,0.0064551483612107375,28
1131,140,Central African Republic,2010,0.005698960395644626,25
1132,140,Central African Republic,2011,0.009957817327914772,44
1133,140,Central African Republic,2012,0.01014333433038553,45
1134,140,Central African Republic,2013,0.08408377351788299,374
1135,807,North Macedonia,2001,0.03524498199568836,72
1136,804,Ukraine,2014,0.0019507208024201353,88
1138,232,Eritrea,2003,0.021914884127933708,57
1139,232,Eritrea,1997,0.014121771580800222,31
1140,232,Eritrea,1999,0.011173623811796842,25
1141,104,Myanmar (Burma),1997,0.0028871422961171734,130
1142,764,Thailand,2016,0.0007249390772073602,50
1143,764,Thailand,2017,0.0006212991431547927,43
1144,764,Thailand,2018,0.0005185193955204591,36
1145,764,Thailand,2019,0.0007899395482243804,55
1146,764,Thailand,2003,0.00040278936593316297,26
1147,764,Thailand,2004,0.0025232592576728196,164
1148,764,Thailand,2005,0.0031337808443717193,205
1149,764,Thailand,2006,0.003221270596758612,212
1150,764,Thailand,2007,0.0029766372955669683,197
1151,764,Thailand,2008,0.0019539769292440906,130
1152,764,Thailand,2009,0.002063803409624568,138
1153,764,Thailand,2010,0.0011161539442380204,75
1154,764,Thailand,2011,0.0021179418421760393,143
1155,764,Thailand,2012,0.0019311288971194619,131
1156,764,Thailand,2013,0.002773517265563207,189
1157,764,Thailand,2014,0.0009935891872247576,68
1158,764,Thailand,2015,0.0008295190132961565,57
1159,566,Nigeria,2004,0.0004655616646770679,63
1160,566,Nigeria,2004,0.0004951211354502151,67
1161,376,Israel,1990,0.00944170734843587,42
1162,376,Israel,1991,0.006101141676136146,28
1163,376,Israel,1992,0.01830489902218175,87
1164,376,Israel,1993,0.025155124961126204,124
1165,376,Israel,1994,0.016060887215161634,82
1166,376,Israel,1995,0.014038101684420438,74
1167,376,Israel,1996,0.01751397107908738,95
1168,376,Israel,1997,0.014730845006180668,82
1169,376,Israel,1998,0.009474882700074868,54
1170,376,Israel,1999,0.007038694277575887,41
1171,376,Israel,2006,0.12079679180485825,807
1172,24,Angola,1990,0.21589440248607722,2558
1173,24,Angola,1991,0.04008522887073705,491
1174,24,Angola,1992,0.18337155746762693,2321
1175,24,Angola,1993,0.9219089434804196,12054
1176,24,Angola,1994,0.2905858837909728,3924
1177,24,Angola,1995,0.011616896273665392,162
1178,24,Angola,1998,0.06777520247923123,1041
1179,178,DR Congo (Zaire),2008,0.06232102958329418,250
1180,178,DR Congo (Zaire),2017,0.016827437175448143,86
1181,178,DR Congo (Zaire),2007,0.02992681088809617,116
1182,562,Niger,1992,0.0033851719894994296,29
1183,562,Niger,2008,0.003081782710320359,47
1184,562,Niger,2007,0.005515680739869329,81
1185,562,Niger,1997,0.006091452748601029,62
1186,562,Niger,1991,0.004825824531331003,40
1187,643,Russia (Soviet Union),2007,0.0002094003926550523,30
1188,643,Russia (Soviet Union),2008,0.0028202686621435703,404
1189,643,Russia (Soviet Union),2009,0.004856031774746212,696
1190,643,Russia (Soviet Union),2010,0.0029133127821187104,418
1191,643,Russia (Soviet Union),2011,0.002498207640399948,359
1192,643,Russia (Soviet Union),2012,0.0035834854323816855,516
1193,643,Russia (Soviet Union),2013,0.002224139863448621,321
1194,643,Russia (Soviet Union),2014,0.0011958676592571007,173
1195,643,Russia (Soviet Union),2015,0.000206917872827158,30
1196,356,India,2008,2.0821712007102246e-05,25
1198,231,Ethiopia,1993,0.0006754784582789604,36
1199,231,Ethiopia,1994,0.0009061091017336351,50
1200,231,Ethiopia,1996,0.0035833448914603986,211
1201,231,Ethiopia,1998,0.0003999505725084471,25
1202,231,Ethiopia,1999,0.0007770852118073187,50
1203,231,Ethiopia,2000,0.00037750203250869316,25
1204,231,Ethiopia,2001,0.00036678714793091994,25
1205,231,Ethiopia,2002,0.0003564193767251589,25
1206,231,Ethiopia,2003,0.0003464015344424067,25
1207,231,Ethiopia,2004,0.0003367479213359011,25
1208,231,Ethiopia,2005,0.0007596961791604598,58
1209,231,Ethiopia,2006,0.00031851513848305636,25
1210,231,Ethiopia,2007,0.0018841182257908194,152
1211,231,Ethiopia,2008,0.00030150910371763625,25
1212,231,Ethiopia,2009,0.005549433645099263,473
1213,231,Ethiopia,2010,0.001437700303886485,126
1214,231,Ethiopia,2011,0.0002773465716546833,25
1215,231,Ethiopia,2012,0.0002696086884397899,25
1216,231,Ethiopia,2013,0.0005451545598619702,52
1217,231,Ethiopia,2014,0.00025485689968579605,25
1218,231,Ethiopia,2015,0.00024792867246800583,25
1219,231,Ethiopia,2016,0.00024130467996624167,25
1220,478,Mauritania,2011,0.007224939602283749,26
1221,860,Uzbekistan,2004,0.001418841463026487,37
1222,860,Uzbekistan,1999,0.00274454612600965,67
1223,364,Iran,2017,0.0003346807829566861,27
1224,804,Ukraine,2014,0.04480007661012606,2021
1225,804,Ukraine,2014,0.01578310467412655,712
1226,608,Philippines,2016,0.0014952180226596337,155
1227,608,Philippines,2017,0.012959609631836696,1363
1228,608,Philippines,2018,0.0018096341056732929,193
1229,608,Philippines,2019,0.0012579009358986448,136
1230,4,Afghanistan,1990,0.11907532771294563,1478
1231,4,Afghanistan,1991,0.24828904634748913,3302
1232,4,Afghanistan,1992,0.29519086719772947,4276
1233,4,Afghanistan,1993,0.23525914322552613,3721
1234,4,Afghanistan,1994,0.5233744646201908,8937
1235,4,Afghanistan,1995,0.3045719698153497,5516
1236,4,Afghanistan,1996,0.16851032628309184,3177
1237,4,Afghanistan,1997,0.33042095195330135,6396
1238,4,Afghanistan,1998,0.31695576551961036,6256
1239,4,Afghanistan,1999,0.2294896193501443,4629
1240,4,Afghanistan,2000,0.25192544912388415,5235
1241,4,Afghanistan,2001,0.10774290100167574,2328
1242,4,Afghanistan,2002,0.0013273881682105224,30
1243,384,Ivory Coast,2002,0.03621266794567798,624
1244,384,Ivory Coast,2011,0.004660308230884223,98
1245,384,Ivory Coast,2004,0.0026153984757123798,47
1246,384,Ivory Coast,2003,0.007897900936799008,139
1247,792,Turkey,2016,0.01360427163105496,1086
1248,792,Turkey,2017,0.007396773312974454,600
1249,792,Turkey,2015,0.00033108613711400084,26
1250,356,India,1989,8.417757645567215e-05,72
1251,356,India,1990,2.8627774608066036e-05,25
1252,356,India,1994,3.807099239237088e-05,36
1253,356,India,1996,2.5448782976492264e-05,25
1254,356,India,1997,3.39694265649476e-05,34
1255,356,India,1998,3.0407551848510098e-05,31
1256,356,India,1999,3.1790126471084004e-05,33
1257,356,India,2001,7.162790071346728e-05,77
1258,356,India,2002,4.024449676926189e-05,44
1259,356,India,2003,9.806363492497169e-05,109
1260,356,India,2004,2.390176976015475e-05,27
1261,356,India,2009,5.994779366731825e-05,73
1262,356,India,2010,4.618072584163711e-05,57
1263,356,India,2013,2.1860617780012277e-05,28
1264,356,India,2014,3.0101865453664197e-05,39
1265,558,Nicaragua,1989,0.128828168205502,526
1266,558,Nicaragua,1990,0.009344820273946999,39
1267,788,Tunisia,2016,0.006369459432824408,72
1268,760,Syria,2016,0.008702837989742904,152
1269,760,Syria,2018,0.0017704272784602384,30
1270,804,Ukraine,2016,0.005635855563577953,252
1271,804,Ukraine,2017,0.009193550721920761,409
1272,804,Ukraine,2018,0.005492002266049858,243
1273,804,Ukraine,2019,0.005318950285612856,234
1274,804,Ukraine,2014,0.03453662511557467,1558
1275,804,Ukraine,2015,0.029250938233861296,1314
1276,508,Mozambique,2019,0.0013831239058707781,42
1277,430,Liberia,1989,0.012817901766449284,27
1278,430,Liberia,1990,0.1671550452161623,347
1279,430,Liberia,2000,0.02001090418743968,57
1280,430,Liberia,2001,0.11543950969691882,341
1281,430,Liberia,2002,0.16265930776562643,492
1282,430,Liberia,2003,0.580750100339448,1787
